returnFlag,lineStatus,DiscExtWithTax,Quantity
A,F,5.2616592906E8,380456
N,F,1.228248509E7,8971
N,O,1.06042470691E9,765251
R,F,5.2852421502E8,381449
